plan_id,authorized,disposition,failed_gates
KILN-PLAN-0D8F1986E5D22E19,true,AUTHORIZED,
KILN-PLAN-1C05F500950E90F9,true,AUTHORIZED,
KILN-PLAN-7CCDDB68BA00A695,true,AUTHORIZED,
KILN-PLAN-01A4C38C17886060,true,AUTHORIZED,
KILN-PLAN-5E01B13FD073E708,true,AUTHORIZED,
KILN-PLAN-9FE420DBC30A6820,true,AUTHORIZED,
KILN-PLAN-8C21E11E7BAC2CA5,true,AUTHORIZED,
KILN-PLAN-C360353061CE36F2,true,AUTHORIZED,
KILN-PLAN-871645DC317B673C,true,AUTHORIZED,
KILN-PLAN-58D7BE889E4FCB3B,true,AUTHORIZED,
KILN-PLAN-BB2BD90172D68C64,true,AUTHORIZED,
KILN-PLAN-19927831C09081DF,true,AUTHORIZED,
