plan_id,contract_id,attack_surface,authorized,disposition,max_levels
KILN-PLAN-01A4C38C17886060,KILN-PRESSURE-8C0EAEA1EF3E8747,authority-conflict,false,PRESSURE_BLOCKED,0
KILN-PLAN-0D8F1986E5D22E19,KILN-PRESSURE-4350E1600710B7FF,authority-conflict,false,PRESSURE_BLOCKED,0
KILN-PLAN-19927831C09081DF,KILN-PRESSURE-7E959F4DD0603FEA,authority-conflict,false,PRESSURE_BLOCKED,0
KILN-PLAN-1C05F500950E90F9,KILN-PRESSURE-A88678A45466B3CB,filesystem-state,false,PRESSURE_BLOCKED,0
KILN-PLAN-58D7BE889E4FCB3B,KILN-PRESSURE-7BA904172355F757,authority-conflict,false,PRESSURE_BLOCKED,0
KILN-PLAN-5E01B13FD073E708,KILN-PRESSURE-0B548183D5BF1371,filesystem-state,false,PRESSURE_BLOCKED,0
KILN-PLAN-7CCDDB68BA00A695,KILN-PRESSURE-054EBC8DD5994BE0,authority-conflict,false,PRESSURE_BLOCKED,0
KILN-PLAN-871645DC317B673C,KILN-PRESSURE-21C9D36CE1EB1F11,filesystem-state,false,PRESSURE_BLOCKED,0
KILN-PLAN-8C21E11E7BAC2CA5,KILN-PRESSURE-DE14698A1D44E78C,state-staleness,false,PRESSURE_BLOCKED,0
KILN-PLAN-9FE420DBC30A6820,KILN-PRESSURE-EF348AA3FC729326,load,true,PRESSURE_AUTHORIZED,5
KILN-PLAN-BB2BD90172D68C64,KILN-PRESSURE-D3DF7A25E51D4500,filesystem-state,false,PRESSURE_BLOCKED,0
KILN-PLAN-C360353061CE36F2,KILN-PRESSURE-715C916A9F7E4C2C,authority-conflict,false,PRESSURE_BLOCKED,0
