plan_id,pressure_contract_id,coupling_id,attack_surface,recovery_mode,dry_run_result,live_execution_authorized
KILN-PLAN-01A4C38C17886060,KILN-PRESSURE-8C0EAEA1EF3E8747,KILN-COUPLING-15C97DB424C80E3C,authority-conflict,DETACHED_WORKTREE,READY_FOR_LIVE_PREFLIGHT,false
KILN-PLAN-0D8F1986E5D22E19,KILN-PRESSURE-4350E1600710B7FF,KILN-COUPLING-B06DEFB2FF8668BC,authority-conflict,DETACHED_WORKTREE,READY_FOR_LIVE_PREFLIGHT,false
KILN-PLAN-19927831C09081DF,KILN-PRESSURE-7E959F4DD0603FEA,KILN-COUPLING-04F777DA52F94CF7,authority-conflict,DETACHED_WORKTREE,READY_FOR_LIVE_PREFLIGHT,false
KILN-PLAN-1C05F500950E90F9,KILN-PRESSURE-A88678A45466B3CB,KILN-COUPLING-CF44A0C79271D046,filesystem-state,DETACHED_WORKTREE,READY_FOR_LIVE_PREFLIGHT,false
KILN-PLAN-58D7BE889E4FCB3B,KILN-PRESSURE-7BA904172355F757,KILN-COUPLING-1BADADC30D060F3E,authority-conflict,DETACHED_WORKTREE,READY_FOR_LIVE_PREFLIGHT,false
KILN-PLAN-5E01B13FD073E708,KILN-PRESSURE-0B548183D5BF1371,KILN-COUPLING-114C097B2B36C47A,filesystem-state,DETACHED_WORKTREE,READY_FOR_LIVE_PREFLIGHT,false
KILN-PLAN-7CCDDB68BA00A695,KILN-PRESSURE-054EBC8DD5994BE0,KILN-COUPLING-B0862E4ABAA3FA31,authority-conflict,DETACHED_WORKTREE,READY_FOR_LIVE_PREFLIGHT,false
KILN-PLAN-871645DC317B673C,KILN-PRESSURE-21C9D36CE1EB1F11,KILN-COUPLING-E4F7C04D5B133B2E,filesystem-state,DETACHED_WORKTREE,READY_FOR_LIVE_PREFLIGHT,false
KILN-PLAN-8C21E11E7BAC2CA5,KILN-PRESSURE-DE14698A1D44E78C,KILN-COUPLING-317094A7CCB1648D,state-staleness,DETACHED_WORKTREE,READY_FOR_LIVE_PREFLIGHT,false
KILN-PLAN-9FE420DBC30A6820,KILN-PRESSURE-EF348AA3FC729326,KILN-COUPLING-F823BDECCE946B2C,load,DETACHED_WORKTREE,READY_FOR_LIVE_PREFLIGHT,false
KILN-PLAN-BB2BD90172D68C64,KILN-PRESSURE-D3DF7A25E51D4500,KILN-COUPLING-36B508F38AFBE068,filesystem-state,DETACHED_WORKTREE,READY_FOR_LIVE_PREFLIGHT,false
KILN-PLAN-C360353061CE36F2,KILN-PRESSURE-715C916A9F7E4C2C,KILN-COUPLING-762FFA8BD83A7C99,authority-conflict,DETACHED_WORKTREE,READY_FOR_LIVE_PREFLIGHT,false
