"core","name","local_state","invalid_upstream","final_state"
"001","Core Primitives","VALID","","VALID"
"002","Annotations","VALID","","VALID"
"003","Eligibility Admission","VALID","","VALID"
"004","Attack Surface Admission","VALID","","VALID"
"005","Candidate Selection","VALID","","VALID"
"006","Execution Planning","VALID","","VALID"
"007","Execution Authorization","VALID","","VALID"
"008","Pressure Contracts","VALID","","VALID"
"009","Coupling Contracts","VALID","","VALID"
"010","Generalized Dry Run Executor","VALID","","VALID"
"011","Live Preflight","VALID","","VALID"
"012","Isolated Baseline Executor","VALID","","VALID"
"013","Baseline Adjudication","VALID","","VALID"
"014","Coupling Trial Authorization","VALID","","VALID"
"015","Load Coupling Executor","VALID","","VALID"
"016","Coupling Adjudication","VALID","","VALID"
"017","Pressure Authorization","VALID","","VALID"
"018","Load Pressure Executor","VALID","","VALID"
"019","Pressure Adjudication","VALID","","VALID"
"020","Fracture Records","VALID","","VALID"
"021","Fracture Classification","VALID","","VALID"
"022","Load Campaign Closure","VALID","","VALID"
"023","Attack Surface Readiness","VALID","","VALID"
"024","Native Injector Discovery","VALID","","VALID"
"025","Injector Proof Authorization","VALID","","VALID"
"026","Capability Negotiation","VALID","","VALID"
"027","Target Identity & Intake","VALID","","VALID"
"028","Evidence Manifest / Provenance Closure","VALID","","VALID"
"029","Environment Reconstruction","VALID","","VALID"
"030","Constructive Redesign & Promotion","VALID","","VALID"
"031","Compatibility Graph","VALID","","VALID"
"032","Synthetic Contract System","VALID","","VALID"
"033","Behavioral Fragment Provenance","VALID","","VALID"
