"core","name","modules","tests","doctrine","missing_modules","missing_tests","doctrine_exists","registry","registry_exists","registry_rows","registry_state","structural_valid","materialization_valid","upstream","semantic_state","final_state"
"001","Core Primitives","library_index.py;state_machine.py","test_library_index.py;test_state_machine.py","KILN-CORE-PRIMITIVES-001.md","","","True","","False","-1","NOT_REQUIRED","True","True","","NO_LOCAL_SEMANTIC_DEFECT_PROVEN","VALID"
"002","Annotations","annotations.py","test_annotations.py","KILN-CORE-ANNOTATIONS-002.md","","","True","library-index\kiln-annotations-001.csv","True","3309","MATERIALIZED","True","True","001","NO_LOCAL_SEMANTIC_DEFECT_PROVEN","VALID"
"003","Eligibility Admission","eligibility_admission.py","test_eligibility_admission.py","KILN-CORE-ELIGIBILITY-003.md","","","True","admission\kiln-eligibility-admission-001.csv","True","3297","MATERIALIZED","True","True","002","NO_LOCAL_SEMANTIC_DEFECT_PROVEN","VALID"
"004","Attack Surface Admission","attack_surface_admission.py","test_attack_surface_admission.py","KILN-CORE-ATTACK-SURFACES-004.md","","","True","admission\kiln-attack-surface-admission-001.csv","True","12","MATERIALIZED","True","True","002;003","NO_LOCAL_SEMANTIC_DEFECT_PROVEN","VALID"
"005","Candidate Selection","candidate_selection.py","test_candidate_selection.py","KILN-CORE-CANDIDATE-SELECTION-005.md","","","True","selection\kiln-candidate-queue-001.csv","True","7","MATERIALIZED","True","True","003;004","NO_LOCAL_SEMANTIC_DEFECT_PROVEN","VALID"
"006","Execution Planning","execution_planning.py","test_execution_planning.py","KILN-CORE-EXECUTION-PLANNING-006.md","","","True","planning\kiln-execution-plans-002.csv","True","12","MATERIALIZED","True","True","005","NO_LOCAL_SEMANTIC_DEFECT_PROVEN","VALID"
"007","Execution Authorization","execution_authorization.py","test_execution_authorization.py","KILN-CORE-EXECUTION-AUTHORIZATION-007.md","","","True","authorization\kiln-execution-authorization-001.csv","True","12","MATERIALIZED","True","True","006","NO_LOCAL_SEMANTIC_DEFECT_PROVEN","VALID"
"008","Pressure Contracts","pressure_contracts.py","test_pressure_contracts.py","KILN-CORE-PRESSURE-CONTRACTS-008.md","","","True","pressure\kiln-pressure-contracts-001.csv","True","12","MATERIALIZED","True","True","005;006;007","NO_LOCAL_SEMANTIC_DEFECT_PROVEN","VALID"
"009","Coupling Contracts","coupling_contracts.py","test_coupling_contracts.py","KILN-CORE-COUPLING-CONTRACTS-009.md","","","True","coupling\kiln-coupling-contracts-001.csv","True","12","MATERIALIZED","True","True","008","NO_LOCAL_SEMANTIC_DEFECT_PROVEN","VALID"
"010","Generalized Dry Run Executor","dry_run_executor.py","test_dry_run_executor.py","KILN-CORE-DRY-RUN-EXECUTOR-010.md","","","True","dry-run\kiln-generalized-dry-run-001.csv","True","12","MATERIALIZED","True","True","006;007;008;009","NO_LOCAL_SEMANTIC_DEFECT_PROVEN","VALID"
"011","Live Preflight","live_preflight.py","test_live_preflight.py","KILN-CORE-LIVE-PREFLIGHT-011.md","","","True","preflight\kiln-live-preflight-001.csv","True","12","MATERIALIZED","True","True","010","NO_LOCAL_SEMANTIC_DEFECT_PROVEN","VALID"
"012","Isolated Baseline Executor","baseline_executor.py","test_baseline_executor.py","KILN-CORE-BASELINE-EXECUTOR-012.md","","","True","baseline\kiln-isolated-baseline-results-001.csv","True","12","MATERIALIZED","True","True","011","NO_LOCAL_SEMANTIC_DEFECT_PROVEN","VALID"
"013","Baseline Adjudication","baseline_adjudication.py","test_baseline_adjudication.py","KILN-CORE-BASELINE-ADJUDICATION-013.md","","","True","baseline\kiln-baseline-adjudication-001.csv","True","12","MATERIALIZED","True","True","012","NO_LOCAL_SEMANTIC_DEFECT_PROVEN","VALID"
"014","Coupling Trial Authorization","coupling_authorization.py","test_coupling_authorization.py","KILN-CORE-COUPLING-AUTHORIZATION-014.md","","","True","authorization\kiln-coupling-trial-authorization-001.csv","True","12","MATERIALIZED","True","True","008;009;013","NO_LOCAL_SEMANTIC_DEFECT_PROVEN","VALID"
"015","Load Coupling Executor","load_coupling_executor.py","test_load_coupling_executor.py","KILN-CORE-LOAD-COUPLING-015.md","","","True","coupling\kiln-load-coupling-proof-001.csv","True","1","MATERIALIZED","True","True","014","NO_LOCAL_SEMANTIC_DEFECT_PROVEN","VALID"
"016","Coupling Adjudication","coupling_adjudication.py","test_coupling_adjudication.py","KILN-CORE-COUPLING-ADJUDICATION-016.md","","","True","coupling\kiln-coupling-adjudication-001.csv","True","1","MATERIALIZED","True","True","015","NO_LOCAL_SEMANTIC_DEFECT_PROVEN","VALID"
"017","Pressure Authorization","pressure_authorization.py","test_pressure_authorization.py","KILN-CORE-PRESSURE-AUTHORIZATION-017.md","","","True","authorization\kiln-pressure-authorization-001.csv","True","12","MATERIALIZED","True","True","008;016","NO_LOCAL_SEMANTIC_DEFECT_PROVEN","VALID"
"018","Load Pressure Executor","load_pressure_executor.py","test_load_pressure_executor.py","KILN-CORE-LOAD-PRESSURE-018.md","","","True","pressure\kiln-load-pressure-results-001.csv","True","5","MATERIALIZED","True","True","017","NO_LOCAL_SEMANTIC_DEFECT_PROVEN","VALID"
"019","Pressure Adjudication","pressure_adjudication.py","test_pressure_adjudication.py","KILN-CORE-PRESSURE-ADJUDICATION-019.md","","","True","pressure\kiln-pressure-adjudication-001.csv","True","1","MATERIALIZED","True","True","018","NO_LOCAL_SEMANTIC_DEFECT_PROVEN","VALID"
"020","Fracture Records","fracture_records.py","test_fracture_records.py","KILN-CORE-FRACTURE-RECORDS-020.md","","","True","fracture\kiln-fracture-records-001.csv","True","0","HEADER_ONLY","True","True","019","NO_LOCAL_SEMANTIC_DEFECT_PROVEN","VALID"
"021","Fracture Classification","fracture_classification.py","test_fracture_classification.py","KILN-CORE-FRACTURE-CLASSIFICATION-021.md","","","True","fracture\kiln-fracture-classification-001.csv","True","0","HEADER_ONLY","True","True","020","NO_LOCAL_SEMANTIC_DEFECT_PROVEN","VALID"
"022","Load Campaign Closure","campaign_closure.py","test_campaign_closure.py","KILN-CORE-LOAD-CAMPAIGN-CLOSURE-022.md","","","True","campaign\kiln-load-campaign-closure-001.csv","True","1","MATERIALIZED","True","True","019;020;021","NO_LOCAL_SEMANTIC_DEFECT_PROVEN","VALID"
"023","Attack Surface Readiness","surface_readiness.py","test_surface_readiness.py","KILN-CORE-ATTACK-SURFACE-READINESS-023R2.md","","","True","surfaces\kiln-attack-surface-readiness-001.csv","True","4","MATERIALIZED","True","True","008;009;022","NO_LOCAL_SEMANTIC_DEFECT_PROVEN","VALID"
"024","Native Injector Discovery","injector_discovery.py","test_injector_discovery.py","KILN-CORE-NATIVE-INJECTOR-DISCOVERY-024.md","","","True","injectors\kiln-native-injector-discovery-001.csv","True","11","MATERIALIZED","True","True","023","NO_LOCAL_SEMANTIC_DEFECT_PROVEN","VALID"
"025","Injector Proof Authorization","injector_authorization.py","test_injector_authorization.py","KILN-CORE-INJECTOR-AUTHORIZATION-025.md","","","True","","False","-1","NOT_REQUIRED","True","True","024","NO_LOCAL_SEMANTIC_DEFECT_PROVEN","VALID"
"026","Capability Negotiation","engine\capability_negotiation.py","tests\test_capability_negotiation.py","","","","False","capabilities\kiln-capability-negotiation-001.csv","True","4","MATERIALIZED","True","True","007;023;025","NO_LOCAL_SEMANTIC_DEFECT_PROVEN","VALID"
"027","Target Identity & Intake","engine\target_intake.py","tests\test_target_intake.py","","","","False","targets\kiln-target-intake-001.csv","True","1","MATERIALIZED","True","True","","NO_LOCAL_SEMANTIC_DEFECT_PROVEN","VALID"
"028","Evidence Manifest / Provenance Closure","engine\evidence_manifest.py","tests\test_evidence_manifest.py","","","","False","evidence\kiln-evidence-manifest-001.csv","True","1","MATERIALIZED","True","True","023;025;026;027","NO_LOCAL_SEMANTIC_DEFECT_PROVEN","VALID"
"029","Environment Reconstruction","engine\environment_reconstruction.py","tests\test_environment_reconstruction.py","","","","False","reconstruction\kiln-environment-reconstruction-capabilities-001.csv","True","5","MATERIALIZED","True","True","026;027","NO_LOCAL_SEMANTIC_DEFECT_PROVEN","VALID"
"030","Constructive Redesign & Promotion","engine\constructive_redesign.py","tests\test_constructive_redesign.py","","","","False","redesign\kiln-constructive-redesign-capabilities-001.csv","True","9","MATERIALIZED","True","True","025;026;028;029","NO_LOCAL_SEMANTIC_DEFECT_PROVEN","VALID"
"031","Compatibility Graph","engine\compatibility_graph.py","tests\test_compatibility_graph.py","","","","False","compatibility\kiln-compatibility-graph-capabilities-001.csv","True","1","MATERIALIZED","True","True","030","NO_LOCAL_SEMANTIC_DEFECT_PROVEN","VALID"
"032","Synthetic Contract System","engine\synthetic_contracts.py","tests\test_synthetic_contracts.py","","","","False","synthesis\kiln-synthetic-contract-capabilities-001.csv","True","1","MATERIALIZED","True","True","031","NO_LOCAL_SEMANTIC_DEFECT_PROVEN","VALID"
"033","Behavioral Fragment Provenance","engine\behavioral_fragments.py","tests\test_behavioral_fragments.py","","","","False","fragments\kiln-behavioral-fragment-capabilities-001.csv","True","1","MATERIALIZED","True","True","031;032","NO_LOCAL_SEMANTIC_DEFECT_PROVEN","VALID"
