contract_id,plan_id,attack_surface,pressure_levels,halt_on_first_fracture,coupling_required,pressure_execution_authorized
KILN-PRESSURE-8C0EAEA1EF3E8747,KILN-PLAN-01A4C38C17886060,authority-conflict,single-authority;competing-authority;stale-authority;revoked-authority,true,true,false
KILN-PRESSURE-4350E1600710B7FF,KILN-PLAN-0D8F1986E5D22E19,authority-conflict,single-authority;competing-authority;stale-authority;revoked-authority,true,true,false
KILN-PRESSURE-7E959F4DD0603FEA,KILN-PLAN-19927831C09081DF,authority-conflict,single-authority;competing-authority;stale-authority;revoked-authority,true,true,false
KILN-PRESSURE-A88678A45466B3CB,KILN-PLAN-1C05F500950E90F9,filesystem-state,clean;missing-optional-state;stale-state;conflicting-state,true,true,false
KILN-PRESSURE-7BA904172355F757,KILN-PLAN-58D7BE889E4FCB3B,authority-conflict,single-authority;competing-authority;stale-authority;revoked-authority,true,true,false
KILN-PRESSURE-0B548183D5BF1371,KILN-PLAN-5E01B13FD073E708,filesystem-state,clean;missing-optional-state;stale-state;conflicting-state,true,true,false
KILN-PRESSURE-054EBC8DD5994BE0,KILN-PLAN-7CCDDB68BA00A695,authority-conflict,single-authority;competing-authority;stale-authority;revoked-authority,true,true,false
KILN-PRESSURE-21C9D36CE1EB1F11,KILN-PLAN-871645DC317B673C,filesystem-state,clean;missing-optional-state;stale-state;conflicting-state,true,true,false
KILN-PRESSURE-DE14698A1D44E78C,KILN-PLAN-8C21E11E7BAC2CA5,state-staleness,current;slightly-stale;moderately-stale;expired;revoked,true,true,false
KILN-PRESSURE-EF348AA3FC729326,KILN-PLAN-9FE420DBC30A6820,load,1x;2x;4x;8x;16x,true,true,false
KILN-PRESSURE-D3DF7A25E51D4500,KILN-PLAN-BB2BD90172D68C64,filesystem-state,clean;missing-optional-state;stale-state;conflicting-state,true,true,false
KILN-PRESSURE-715C916A9F7E4C2C,KILN-PLAN-C360353061CE36F2,authority-conflict,single-authority;competing-authority;stale-authority;revoked-authority,true,true,false
