coupling_id,pressure_contract_id,plan_id,attack_surface,proof_method,requires_baseline_observation,requires_pressured_observation,requires_behavioral_difference,coupling_proven
KILN-COUPLING-15C97DB424C80E3C,KILN-PRESSURE-8C0EAEA1EF3E8747,KILN-PLAN-01A4C38C17886060,authority-conflict,TARGET_NATIVE_AUTHORITY_OBSERVATION,true,true,true,false
KILN-COUPLING-B06DEFB2FF8668BC,KILN-PRESSURE-4350E1600710B7FF,KILN-PLAN-0D8F1986E5D22E19,authority-conflict,TARGET_NATIVE_AUTHORITY_OBSERVATION,true,true,true,false
KILN-COUPLING-04F777DA52F94CF7,KILN-PRESSURE-7E959F4DD0603FEA,KILN-PLAN-19927831C09081DF,authority-conflict,TARGET_NATIVE_AUTHORITY_OBSERVATION,true,true,true,false
KILN-COUPLING-CF44A0C79271D046,KILN-PRESSURE-A88678A45466B3CB,KILN-PLAN-1C05F500950E90F9,filesystem-state,TARGET_NATIVE_FILESYSTEM_OBSERVATION,true,true,true,false
KILN-COUPLING-1BADADC30D060F3E,KILN-PRESSURE-7BA904172355F757,KILN-PLAN-58D7BE889E4FCB3B,authority-conflict,TARGET_NATIVE_AUTHORITY_OBSERVATION,true,true,true,false
KILN-COUPLING-114C097B2B36C47A,KILN-PRESSURE-0B548183D5BF1371,KILN-PLAN-5E01B13FD073E708,filesystem-state,TARGET_NATIVE_FILESYSTEM_OBSERVATION,true,true,true,false
KILN-COUPLING-B0862E4ABAA3FA31,KILN-PRESSURE-054EBC8DD5994BE0,KILN-PLAN-7CCDDB68BA00A695,authority-conflict,TARGET_NATIVE_AUTHORITY_OBSERVATION,true,true,true,false
KILN-COUPLING-E4F7C04D5B133B2E,KILN-PRESSURE-21C9D36CE1EB1F11,KILN-PLAN-871645DC317B673C,filesystem-state,TARGET_NATIVE_FILESYSTEM_OBSERVATION,true,true,true,false
KILN-COUPLING-317094A7CCB1648D,KILN-PRESSURE-DE14698A1D44E78C,KILN-PLAN-8C21E11E7BAC2CA5,state-staleness,TARGET_NATIVE_STATE_OBSERVATION,true,true,true,false
KILN-COUPLING-F823BDECCE946B2C,KILN-PRESSURE-EF348AA3FC729326,KILN-PLAN-9FE420DBC30A6820,load,TARGET_NATIVE_EXECUTION_COUNT_OR_CONCURRENCY,true,true,true,false
KILN-COUPLING-36B508F38AFBE068,KILN-PRESSURE-D3DF7A25E51D4500,KILN-PLAN-BB2BD90172D68C64,filesystem-state,TARGET_NATIVE_FILESYSTEM_OBSERVATION,true,true,true,false
KILN-COUPLING-762FFA8BD83A7C99,KILN-PRESSURE-715C916A9F7E4C2C,KILN-PLAN-C360353061CE36F2,authority-conflict,TARGET_NATIVE_AUTHORITY_OBSERVATION,true,true,true,false
