plan_id,baseline_result,disposition,pressure_eligible,repair_authorized
KILN-PLAN-01A4C38C17886060,PASS,PROVEN_BASELINE,true,false
KILN-PLAN-0D8F1986E5D22E19,PASS,PROVEN_BASELINE,true,false
KILN-PLAN-19927831C09081DF,PASS,PROVEN_BASELINE,true,false
KILN-PLAN-1C05F500950E90F9,PASS,PROVEN_BASELINE,true,false
KILN-PLAN-58D7BE889E4FCB3B,PASS,PROVEN_BASELINE,true,false
KILN-PLAN-5E01B13FD073E708,PASS,PROVEN_BASELINE,true,false
KILN-PLAN-7CCDDB68BA00A695,PASS,PROVEN_BASELINE,true,false
KILN-PLAN-871645DC317B673C,PASS,PROVEN_BASELINE,true,false
KILN-PLAN-8C21E11E7BAC2CA5,PASS,PROVEN_BASELINE,true,false
KILN-PLAN-9FE420DBC30A6820,PASS,PROVEN_BASELINE,true,false
KILN-PLAN-BB2BD90172D68C64,PASS,PROVEN_BASELINE,true,false
KILN-PLAN-C360353061CE36F2,PASS,PROVEN_BASELINE,true,false
